User Name,User ID,Points Balance,Total Harvested,Store Spent,Quest Points Earned,Quests Completed,Tips Given,Drops Claimed,Magic Embeds Claimed,Highest Tip Received,Total Tips Received,Total Tokens Received,Highest Tip Given,Total Tips Given,Total Magic Embeds
Narrrf,328601656659017732,1521401,0,0,5,1,0,0,10,0,0,0,0,0,2
Harald1977,1138915296959287468,1346599,0,0,0,0,0,0,0,0,0,0,0,0,0
Yeldos,813992163377414156,1268200,0,0,0,0,0,0,0,0,0,0,0,0,0
DEECZO || Narrrf's World,987492370616561714,1198006,0,0,5,1,2,0,5,0,0,0,2,1,1
spridarn,405758248407531521,1154800,0,0,0,0,0,0,0,0,0,0,0,0,0
PoliTechsGuy,330373758172921877,1086600,0,0,0,0,0,0,0,0,0,0,0,0,0
weedy75,1233440156128641065,980400,0,0,0,0,0,0,0,0,0,0,0,0,0
Cryptime,946199839111266354,953000,0,0,0,0,0,0,0,0,0,0,0,0,0
Pauleecyio,782242542095826946,716000,0,0,0,0,0,0,0,0,0,0,0,0,0
S1991z,896779071164403822,684800,0,0,0,0,0,0,0,0,0,0,0,0,0
Victorifyd6r,729674774745186405,650000,0,0,0,0,0,0,0,0,0,0,0,0,0
IrinKraùïä,899076429633945611,615000,0,0,0,0,0,0,0,0,0,0,0,0,0
Capital T,919618776620748831,601998,0,0,0,0,0,0,0,0,0,0,0,0,0
KAKANFO || Narrrf‚Äôs World,1260317833532014805,600004,0,0,0,0,0,0,5,2,1,2,0,0,1
hzz2001,760183609222758501,561900,0,0,0,0,0,0,0,0,0,0,0,0,0
rezidenc12,919526807374553151,543000,0,0,0,0,0,0,0,0,0,0,0,0,0
Dallas,854353478646366230,539999,0,0,0,0,0,0,0,0,0,0,0,0,0
The Pied PipeR,973986241202753586,488399,0,0,0,0,0,0,0,0,0,0,0,0,0
SarahDonna,1215665502970581004,477000,0,0,0,0,0,0,0,0,0,0,0,0,0
Santa,1107633105185013790,445300,0,0,0,0,0,0,0,0,0,0,0,0,0
Magali,902990329446277150,438800,0,0,0,0,0,0,0,0,0,0,0,0,0
ÍÅÖÍÇ¶ÍÇ¶ÍåöÍàºü™ø,519526528506396693,415000,0,0,0,0,0,0,0,0,0,0,0,0,0
johngope,650836758321430564,381000,0,0,0,0,0,0,0,0,0,0,0,0,0
dingo,625662297033146368,340000,0,0,0,0,0,0,0,0,0,0,0,0,0
HamBearPig,776667871173541909,338000,0,0,0,0,0,0,0,0,0,0,0,0,0
Justme,1224428436928594015,306000,0,0,0,0,0,0,0,0,0,0,0,0,0
GIDS,931474434303344670,298000,0,200000,0,0,0,0,0,0,0,0,0,0,0
bigbearüá∫üá≤,678680281904971809,295000,0,0,0,0,0,0,0,0,0,0,0,0,0
cryptodaniel,734200554322001922,294600,0,0,0,0,0,0,0,0,0,0,0,0,0
Kerstin,1208076026727501824,285000,0,0,0,0,0,0,0,0,0,0,0,0,0
&RES,933055368924389377,277000,0,0,0,0,0,0,0,0,0,0,0,0,0
Token77,429757499147812904,270000,0,0,0,0,0,0,0,0,0,0,0,0,0
antdroidz,991087101925797889,266000,0,0,0,0,0,0,0,0,0,0,0,0,0
ES213,1005337747625611324,263000,0,0,0,0,0,0,0,0,0,0,0,0,0
SamX,738929529808093265,260000,0,0,0,0,0,0,0,0,0,0,0,0,0
LennyLOCO,871944171081043989,225000,0,0,0,0,0,0,0,0,0,0,0,0,0
02ü´°,993984242260398081,210000,0,0,0,0,0,0,0,0,0,0,0,0,0
yeahbaby,954088420194537492,203000,0,0,0,0,0,0,0,0,0,0,0,0,0
Hererra‚®Ä,830148295280033802,200000,0,0,0,0,0,0,0,0,0,0,0,0,0
G.O.A.L !,925218322105126912,200000,0,0,0,0,0,0,0,0,0,0,0,0,0
HillsTrap,1295502067724451933,200000,0,0,0,0,0,0,0,0,0,0,0,0,0
dilauo96,681855532210061326,200000,0,0,0,0,0,0,0,0,0,0,0,0,0
meowy,894003364717789206,181997,0,0,0,0,0,0,0,0,0,0,0,0,0
üêâDboss011,841429450867474432,178000,0,0,0,0,0,0,0,0,0,0,0,0,0
GeorgeD2305,888053272798175294,169000,0,0,0,0,0,0,0,0,0,0,0,0,0
Now U see Me ·µó·µê ‚≠ï,704506147138437152,168400,0,0,0,0,0,0,0,0,0,0,0,0,0
Loveable,1146994462468362250,160000,0,0,0,0,0,0,0,0,0,0,0,0,0
Shark09411,1009927843754553344,160000,0,0,0,0,0,0,0,0,0,0,0,0,0
Ice001,971196904417423380,160000,0,0,0,0,0,0,0,0,0,0,0,0,0
A_dam,1099840086314602597,160000,0,0,0,0,0,0,0,0,0,0,0,0,0
Toheeb,1072237466175684709,160000,0,0,0,0,0,0,0,0,0,0,0,0,0
ShenBlake,1011409269691789312,160000,0,0,0,0,0,0,0,0,0,0,0,0,0
Zeta,937394508772036629,160000,0,0,0,0,0,0,0,0,0,0,0,0,0
Htyphoon,350639704267554827,160000,0,0,0,0,0,0,0,0,0,0,0,0,0
Gale 1,986301774749134879,150000,0,0,0,0,0,0,0,0,0,0,0,0,0
¬•aniesa¬•orleone43|YOBBO,1190122205485477898,150000,0,0,0,0,0,0,0,0,0,0,0,0,0
MrsJF1984,1198736295845969980,145000,0,0,0,0,0,0,0,0,0,0,0,0,0
Undisputed treepleA,756577702604963960,125000,0,0,0,0,0,0,0,0,0,0,0,0,0
inkstaincowboy,1056627693619265596,120400,0,200000,0,0,0,0,0,0,0,0,0,0,0
Capital_üá∑,1002066138617888778,110000,0,200000,0,0,0,0,0,0,0,0,0,0,0
Bored Cabbie,303697392157327360,110000,0,0,0,0,0,0,0,0,0,0,0,0,0
Pinkpal,1014974234860199997,110000,0,0,0,0,0,0,0,0,0,0,0,0,0
Oluwapelumi,1222200013489180743,107400,0,0,0,0,0,0,0,0,0,0,0,0,0
Ancient1053 | Champion,817203029291040819,107000,0,0,0,0,0,0,0,0,0,0,0,0,0
jimmyg85.eth,820695152795975721,106200,0,0,0,0,0,0,0,0,0,0,0,0,0
JMoreen | Watch Ya Neck!,443414647907811339,102000,0,0,0,0,0,0,0,0,0,0,0,0,0
Muzamil Beer,1167252145406488648,100000,0,0,0,0,0,0,0,0,0,0,0,0,0
Jacquly9 ü¶â,942142356537372692,100000,0,0,0,0,0,0,5,0,0,0,0,0,1
lanalina111,1320441586554769419,100000,0,0,0,0,0,0,0,0,0,0,0,0,0
KaTaHaCaH,707522457619136542,100000,0,0,0,0,0,0,0,0,0,0,0,0,0
Beenzo,1129110565118296144,100000,0,0,0,0,0,0,0,0,0,0,0,0,0
RockApe | DeAgentAl,1126945806650462288,100000,0,0,0,0,0,0,0,0,0,0,0,0,0
üíØ,1206547081808842794,100000,0,0,0,0,0,0,0,0,0,0,0,0,0
LordLanto,903282819843911730,100000,0,0,0,0,0,0,0,0,0,0,0,0,0
Wills üìà,1140072496905846934,100000,0,0,0,0,0,0,0,0,0,0,0,0,0
BossPlayerT.X,592624674152906752,100000,0,0,0,0,0,0,0,0,0,0,0,0,0
ArturPolak,1296597315041235036,100000,0,0,0,0,0,0,0,0,0,0,0,0,0
Kestr0,982250249290678354,100000,0,0,0,0,0,0,0,0,0,0,0,0,0
RyanJackV,1154887353370939542,100000,0,0,0,0,0,0,0,0,0,0,0,0,0
irdg07,942194524619415633,93700,0,0,0,0,0,0,0,0,0,0,0,0,0
Believers,1202494597159456841,82000,0,0,0,0,0,0,0,0,0,0,0,0,0
ledropwcheese,825023944032518225,80000,0,0,0,0,0,0,0,0,0,0,0,0,0
BIG Sheyzzieüòéü™Å,1263586389052883037,80000,0,0,0,0,0,0,0,0,0,0,0,0,0
Dnextgüß¢,850315742112514089,75800,0,0,0,0,0,0,0,0,0,0,0,0,0
whats-app,1142811808428732566,75000,0,0,0,0,0,0,0,0,0,0,0,0,0
venutschi,899524110441402401,75000,0,0,0,0,0,0,0,0,0,0,0,0,0
mohammed,409537495760371713,75000,0,0,0,0,0,0,0,0,0,0,0,0,0
Hyp3rShocK,301937905486790656,70000,0,0,0,0,0,0,0,0,0,0,0,0,0
xlinx,1270833222787403887,67000,0,0,0,0,0,0,0,0,0,0,0,0,0
+[XX]Sir  Cronic[XX]+,533727593497755648,64000,0,0,0,0,0,0,0,0,0,0,0,0,0
Juani,937394540476760125,60000,0,0,0,0,0,0,0,0,0,0,0,0,0
GaroB,703615294966464533,58000,0,0,0,0,0,0,0,0,0,0,0,0,0
Nickfresh1,1029098424051707914,57600,0,0,0,0,0,0,0,0,0,0,0,0,0
BANJOO 'Eth,1101738237036343337,50000,0,0,0,0,0,0,0,0,0,0,0,0,0
Rapu,1190361566047125577,50000,0,0,0,0,0,0,0,0,0,0,0,0,0
thatneusguy,1305902450309595166,50000,0,0,0,0,0,0,0,0,0,0,0,0,0
Rebelium,436155587504373761,50000,0,0,0,0,0,0,0,0,0,0,0,0,0
ObviousGlee,943603635491844167,50000,0,0,0,0,0,0,0,0,0,0,0,0,0
CoinnMann ü™ô ltcman ü™ô,970328921893646390,50000,0,0,0,0,0,0,0,0,0,0,0,0,0
flyingsowrds,1229084470829912127,50000,0,0,0,0,0,0,0,0,0,0,0,0,0